"append.u2..last_u.2..","id","age","team"
0.461123606743532,21,26.09,"WNT"
0.494262323858177,21,26.46,"WNT"
0.392494370123078,21,26.61,"WNT"
0.435074427618659,21,26.69,"WNT"
0.374662641011497,21,26.79,"WNT"
0.525096746472555,21,27.27,"WNT"
0.676318017295183,21,27.43,"NEX"
0.696592132866082,21,28.16,"WNT"
0.402961359155048,21,28.24,"WNT"
0.248705983052662,21,28.34,"WNT"
0.178544480048864,21,28.45,"WNT"
0.205175678924879,21,29.07,"WNT"
0.669565201769396,22,25.26,"WNT"
0.362722736953054,23,20.58,"WNT"
0.779789143649344,23,21.16,"WNT"
0.853910519788482,24,12.73,"NEX"
0.95236423969238,24,13.14,"NEX"
0.489635317156425,24,14.48,"NEX"
0.978708963503343,25,16.21,"NEX"
0.555533808036095,26,14.07,"NEX"
0.850455772531856,26,14.48,"NEX"
0.278285539585826,26,15.82,"NEX"
0.495535272671762,27,17.04,"NEX"
0.648191773684862,28,28.52,"WNT"
0.910358978785332,28,28.88,"WNT"
0.689855310645856,28,29.03,"WNT"
0.58201606641292,28,29.11,"WNT"
0.714814363867791,28,29.21,"WNT"
0.914461166067788,29,18.91,"NEX"
0.843063912187686,29,18.28,"NEX"
0.690352493699421,30,27.8,"WNT"
0.532887098171183,30,27.95,"WNT"
0.555939565728075,30,28.03,"WNT"
0.676465077229583,30,28.13,"WNT"
0.69964343817509,30,28.61,"WNT"
0.608153192435537,30,29.51,"WNT"
0.544567941963318,30,29.59,"WNT"
0.496422405280529,30,29.68,"WNT"
0.3982318425073,30,29.79,"WNT"
0.564303226726363,30,30.41,"WNT"
0.556002708419857,31,18,"NEX"
0.972225176933834,32,16.27,"NEX"
0.923892770411586,32,16.43,"NEX"
0.874308388962025,32,16.67,"NEX"
0.852816469642425,33,18.89,"NEX"
0.920770569769343,33,18.99,"NEX"
0.78851453781978,34,22.08,"WNT"
0.583175156498693,34,22.23,"WNT"
0.594656877674055,34,22.31,"WNT"
0.72211475011219,35,17.26,"NEX"
0.666400999076559,35,18.34,"NEX"
0.88472212574142,35,18.79,"NEX"
0.683604134173982,36,21.81,"WNT"
0.257890063914107,36,21.96,"WNT"
0.467196150725329,36,22.04,"WNT"
0.258022268791154,36,22.14,"WNT"
0.630559865826556,36,23.52,"WNT"
0.332808696486605,36,23.71,"WNT"
0.114648731881685,36,23.8,"WNT"
0.868547600307435,37,19.29,"NEX"
0.35965329376409,37,19.68,"NEX"
0.695635143166451,37,20.11,"WNT"
0.648988402257419,37,20.5,"NEX"
0.539629575379109,38,23.43,"WNT"
0.607161412191776,38,23.79,"WNT"
0.357207040836048,38,23.94,"WNT"
0.413178926760096,38,24.02,"WNT"
0.332730050311298,38,24.12,"WNT"
0.682535561092047,38,24.76,"NEX"
0.34764355829191,39,28.33,"WNT"
0.154220200156676,39,28.69,"WNT"
0.226033158843526,39,28.84,"WNT"
0.372359626973585,39,28.92,"WNT"
0.13873515395352,39,29.02,"WNT"
0.350396291286911,39,29.5,"WNT"
0.422118392572358,39,30.39,"WNT"
0.0907752689582155,39,30.48,"WNT"
0.223088779511787,39,30.57,"WNT"
0.128538098827248,39,30.68,"WNT"
0.146510932470382,39,31.3,"WNT"
0.136066857191595,39,31.61,"WNT"
0.272588980948596,39,31.78,"WNT"
0.184771702606165,39,32.44,"WNT"
0.25519456856618,39,32.57,"WNT"
0.167032569733157,39,33.06,"WNT"
0.892111842373831,40,19.5,"NEX"
0.704203442016928,40,19.89,"NEX"
0.523968273879253,40,20.76,"NEX"
0.669493504255946,40,21.42,"WNT"
0.409994636224391,41,14.95,"NEX"
0.581988689414319,41,15.36,"NEX"
0.754657273383459,42,21.08,"NEX"
0.865827030378774,43,16.52,"NEX"
0.626586020358937,43,16.72,"WNT"
0.394290043980238,43,17.33,"WNT"
0.495392566526469,44,24.19,"WNT"
0.444522569646692,44,24.56,"WNT"
0.65355887372345,44,24.71,"WNT"
0.462778924943427,44,24.78,"WNT"
0.648730362040319,44,24.89,"WNT"
0.716683096505263,44,25.37,"WNT"
0.546712037954414,44,26.26,"WNT"
0.596766609497258,44,26.34,"WNT"
0.31377996346132,44,26.43,"WNT"
0.28701429275232,44,26.55,"WNT"
0.406190525227976,44,27.48,"WNT"
0.212316190672689,44,27.64,"WNT"
0.354040919601441,44,28.44,"WNT"
0.219663884831171,44,28.92,"WNT"
0.970173524148997,45,15.82,"NEX"
0.979258338702123,45,16.14,"NEX"
0.918572264246066,45,16.3,"NEX"
0.951681235812636,45,16.54,"NEX"
0.372099335302134,46,27.51,"WNT"
0.508727355935422,46,28.1,"WNT"
0.188365070231191,46,28.2,"WNT"
0.134194129860464,46,29.58,"WNT"
0.129851955188684,46,29.66,"WNT"
0.10783584496443,46,29.75,"WNT"
0.093626689353527,46,29.86,"WNT"
0.146941611084252,46,30.49,"WNT"
0.132109716968965,46,31.62,"WNT"
0.154816730383889,46,31.76,"WNT"
0.102529557942149,46,32.24,"WNT"
0.915394070134358,54,17.97,"NEX"
0.971019406874277,47,14.96,"NEX"
0.962450403222082,47,15.7,"NEX"
0.811555435403629,47,16.56,"NEX"
0.379886771918374,47,16.81,"NEX"
0.785441280853948,47,17.21,"NEX"
0.27519654506977,48,24.61,"WNT"
0.27061791039505,48,24.76,"WNT"
0.534310273041267,48,24.83,"WNT"
0.223744761102745,48,24.94,"WNT"
0.530067565984554,48,25.42,"WNT"
0.0893524734573273,48,26.31,"WNT"
0.0521299439786469,48,26.39,"WNT"
0.105518874293313,48,26.5,"WNT"
0.0646580875211882,48,26.6,"WNT"
0.0801297825018735,48,27.53,"WNT"
0.0952389063945384,48,27.7,"WNT"
0.823222840785613,49,19.12,"NEX"
0.651132394956883,49,18.2,"NEX"
0.628592806673572,49,19.35,"NEX"
0.683638983314291,49,19.86,"NEX"
0.747769709613603,49,20.04,"NEX"
0.724019095057003,49,20.16,"NEX"
0.341574033201447,49,20.33,"NEX"
0.425620740198849,49,20.43,"NEX"
0.678502491138443,49,21.28,"NEX"
0.510228663130871,50,14.2,"NEX"
0.66708461678769,50,14.61,"NEX"
0.38770311074259,50,15.98,"NEX"
0.43552617460469,52,28.98,"WNT"
0.324406878367492,52,29.13,"WNT"
0.484790599133042,52,29.21,"WNT"
0.306867105924718,52,29.31,"WNT"
0.467168689463523,52,29.79,"WNT"
0.648506413099234,52,30.69,"WNT"
0.259977619506418,52,30.77,"WNT"
0.157978828848631,52,30.86,"WNT"
0.184927408216449,52,30.98,"WNT"
0.419102214548428,52,31.59,"WNT"
0.201776350211405,52,31.9,"WNT"
0.361992950437751,52,32.07,"WNT"
0.32690205777277,51,32.73,"WNT"
0.747048069948009,53,23.68,"NEX"
0.971830859559362,54,15.71,"NEX"
0.986311606475076,54,16.4,"NEX"
0.974753026879947,54,15.81,"NEX"
0.957722594450079,54,16.05,"NEX"
0.8789330606059,55,14.81,"NEX"
0.953009767069529,56,14.87,"NEX"
0.729378533732985,56,15.03,"NEX"
0.568720151434322,56,15.27,"NEX"
0.407207903457589,56,16.44,"NEX"
0.366458281454619,56,16.61,"NEX"
0.42860645239485,56,17.11,"WNT"
0.913030088754337,57,16.38,"NEX"
0.672829277458605,58,19.95,"NEX"
0.559692145484741,59,21.91,"WNT"
0.893145882424014,60,20.35,"NEX"
0.877163599791109,61,18.23,"NEX"
0.989689523180784,61,18.83,"NEX"
0.937011792838734,61,18.93,"NEX"
0.949717956997663,61,19.1,"NEX"
0.936945687659531,61,19.17,"NEX"
0.849521261564914,61,19.67,"NEX"
0.764089169644804,61,19.85,"NEX"
0.832689869807556,61,19.98,"NEX"
0.871625696078185,61,20.14,"NEX"
0.244522803199143,62,19.5,"NEX"
0.386288756930338,62,19.62,"NEX"
0.114603436231304,62,19.78,"NEX"
0.236749053359691,62,19.88,"NEX"
0.257145908897209,62,20.42,"WNT"
0.719245945859657,62,20.59,"WNT"
0.493012698751925,62,20.72,"NEX"
0.343945721238023,62,21.39,"WNT"
0.178008289959877,62,21.87,"WNT"
0.917869617811807,63,17.75,"NEX"
0.936492600399664,64,15.27,"NEX"
0.58066804643871,65,13.22,"NEX"
0.736985556716565,65,13.63,"NEX"
0.69903427569594,65,15.03,"NEX"
0.963552428238094,66,16.26,"NEX"
0.833905196196041,66,16.42,"NEX"
0.736632397622313,66,16.66,"NEX"
0.870940626144989,67,19.61,"NEX"
0.359600283089591,67,19.99,"NEX"
0.453333290738692,67,20.43,"WNT"
0.47888448580855,67,20.86,"NEX"
0.980967701958197,68,15.54,"NEX"
0.84508167766575,68,15.69,"NEX"
0.729796123550667,68,15.94,"NEX"
0.109692018742664,69,14.76,"NEX"
0.543004251855957,69,15.45,"NEX"
0.198431473688305,69,15.61,"NEX"
0.135564317713711,69,15.73,"WNT"
0.304503072846675,69,15.85,"NEX"
0.0576462897842587,69,16.32,"NEX"
0.278618629411609,69,16.87,"WNT"
0.126489455889127,69,17.03,"WNT"
0.107452825731087,69,17.7,"WNT"
0.0634088604901388,69,18.31,"WNT"
0.739604706045601,70,21.56,"WNT"
0.75219830783624,70,21.63,"WNT"
0.635162862040758,70,21.74,"WNT"
0.334693238821802,70,23.28,"WNT"
0.340685762843104,70,23.4,"WNT"
0.171794323198771,70,24.02,"WNT"
0.131045650239413,70,24.33,"WNT"
0.260475426578595,70,24.49,"WNT"
0.388175094787778,71,17.28,"NEX"
0.630013476081842,71,17.46,"NEX"
0.573358764336473,71,17.58,"NEX"
0.479137128717016,71,17.75,"NEX"
0.400795453618555,71,17.85,"NEX"
0.877565666650875,72,12.91,"NEX"
0.981579460329946,72,13.32,"NEX"
0.438934188063841,72,14.54,"WNT"
0.369385173135107,72,14.68,"NEX"
0.23093540903453,73,27.76,"WNT"
0.440515450636602,73,28.38,"WNT"
0.285617472751859,73,27.69,"WNT"
0.438047783495065,73,27.86,"WNT"
0.507367780943744,73,28.65,"WNT"
0.427719073144059,73,29.14,"WNT"
0.585283298024194,74,13.62,"NEX"
0.81637490760799,74,14.03,"NEX"
0.278112167543401,74,15.37,"NEX"
0.797519627206081,75,16.76,"NEX"
0.792850651693513,75,16.99,"NEX"
0.742247415062553,76,23.73,"WNT"
0.868518217937432,77,17.1,"WNT"
0.433628156793472,77,18.57,"NEX"
0.524131705318774,77,18.67,"NEX"
0.857064594964001,77,19.21,"WNT"
0.827577421606225,77,19.38,"WNT"
0.438645849075622,77,20.18,"WNT"
0.763265565369231,77,20.04,"WNT"
0.497347510807116,77,20.66,"WNT"
0.93376409206562,78,17.67,"NEX"
0.88910653621844,78,17.9,"NEX"
0.745523001464923,78,18.41,"NEX"
0.864606247279309,78,18.59,"NEX"
0.798232462004532,78,18.71,"NEX"
0.689325668470048,78,18.88,"NEX"
0.766025830321285,78,18.88,"NEX"
0.850342716377102,78,19.84,"NEX"
0.718135827119026,78,20.96,"WNT"
0.981617972377858,79,14.85,"NEX"
0.884836725115195,79,15.01,"NEX"
0.958614398390631,79,15.25,"NEX"
0.689997701133833,80,31.53,"WNT"
0.960824145429768,80,31.89,"WNT"
0.605868362785178,80,32.04,"WNT"
0.401822139593036,80,32.7,"WNT"
0.901638675531358,80,33.59,"WNT"
0.851126447137256,80,33.68,"WNT"
0.852436988020203,80,33.77,"WNT"
0.565614755936948,80,33.88,"WNT"
0.743367403389685,80,34.51,"WNT"
0.990288376772592,80,34.81,"WNT"
0.604904363144708,80,34.98,"WNT"
0.565122441073237,81,19.2,"NEX"
0.652762211757919,81,16.99,"NEX"
0.131284160398984,81,17.49,"NEX"
0.761335208120456,81,17.8,"NEX"
0.950465174743932,82,15.15,"NEX"
0.429021801992697,83,14.59,"NEX"
0.289675816424113,83,15,"NEX"
0.212709470685511,83,16.34,"NEX"
0.493047517146141,84,23.01,"WNT"
0.534794279459365,84,23.37,"WNT"
0.728571148903945,84,23.52,"WNT"
0.500951914218909,84,23.6,"WNT"
0.495529186222982,84,23.7,"WNT"
0.531431163073264,84,24.18,"WNT"
0.541699019815426,84,25.08,"WNT"
0.425282145788901,84,25.16,"WNT"
0.299686371399132,84,25.25,"WNT"
0.356857214801846,84,25.36,"WNT"
0.706850379002241,84,25.98,"WNT"
0.39398222497988,84,26.29,"WNT"
0.349979497629536,84,26.46,"WNT"
0.984592273795536,85,20.7,"NEX"
0.399447724753698,86,30.59,"WNT"
0.433395517239734,86,30.95,"WNT"
0.600530040714044,86,31.1,"WNT"
0.518806834360443,86,31.18,"WNT"
0.866542483337283,87,14.78,"NEX"
0.875156907121538,87,15.2,"NEX"
0.829104893243611,87,16.39,"WNT"
0.371391921487008,88,18.81,"NEX"
0.118187041621475,88,18.91,"NEX"
0.84845188689748,88,19.15,"NEX"
0.711850698191624,88,19.65,"NEX"
0.416417173025426,88,19.83,"NEX"
0.407975391970049,88,19.96,"NEX"
0.349170835208822,88,20.12,"NEX"
0.356180009094189,88,20.22,"NEX"
0.497824841902358,88,21.09,"NEX"
0.797532892113618,89,17.56,"NEX"
0.525155041770192,89,17.95,"NEX"
0.312400084742892,89,18.55,"NEX"
0.24489335786969,89,18.65,"NEX"
0.681702678360866,89,18.88,"NEX"
0.762907530776277,89,19.39,"NEX"
0.396566985181616,89,19.57,"NEX"
0.49449364060614,89,19.69,"NEX"
0.335078830064035,89,19.86,"NEX"
0.483498144181281,89,19.96,"NEX"
0.87896566816133,90,14.97,"NEX"
0.578299847690057,90,15.38,"NEX"
0.184585480202257,90,16.8,"NEX"
0.467869676723615,91,28.15,"WNT"
0.756079152936848,91,28.52,"WNT"
0.439796410052874,91,28.67,"WNT"
0.413336563039545,91,28.74,"WNT"
0.361125138548308,91,28.85,"WNT"
0.60729572076795,91,29.33,"WNT"
0.423177788483461,91,30.22,"WNT"
0.289541704409909,91,30.3,"WNT"
0.12028960463269,91,30.39,"WNT"
0.0535628357830269,91,30.51,"WNT"
0.547058587541071,91,31.44,"WNT"
0.51891090498231,91,31.61,"WNT"
0.327026486102588,92,17.86,"NEX"
0.134548913705461,92,17.96,"NEX"
0.666765941445747,92,18.19,"NEX"
0.257807917269125,92,18.7,"NEX"
0.434202929046092,92,18.88,"NEX"
0.258707634924035,92,19.01,"NEX"
0.367967143062763,92,19.17,"NEX"
0.354979911971095,92,19.27,"NEX"
0.995075385879916,93,14.35,"NEX"
0.881994081682592,93,14.51,"NEX"
0.938434301084806,93,14.75,"NEX"
0.95733911510001,93,14.99,"NEX"
0.970362410125077,93,15.92,"NEX"
0.690726334990185,93,18.09,"NEX"
0.97694166400315,93,15.4,"NEX"
0.966999921602116,93,16.74,"NEX"
0.73142635794636,94,14.75,"NEX"
0.963148786862704,95,16.61,"NEX"
0.689480469056306,96,14.23,"NEX"
0.886772333017556,97,16.27,"NEX"
0.696418549554123,97,16.43,"NEX"
0.693260728941532,97,16.67,"NEX"
0.659864229045314,97,17.83,"NEX"
0.351237320185469,97,18,"NEX"
0.760757473419362,97,18.51,"WNT"
0.257009723570151,97,19.3,"NEX"
0.558086474747158,98,30.01,"WNT"
0.3212487509688,98,30.16,"WNT"
0.413685032095319,98,30.24,"WNT"
0.223737050902861,98,30.34,"WNT"
0.368938307272756,98,31.8,"WNT"
0.268110799550499,98,31.89,"WNT"
0.189337186606327,98,32,"WNT"
0.0816939057234105,98,32.93,"WNT"
0.195267688469286,98,33.1,"WNT"
0.228042396337475,98,33.89,"WNT"
0.931911240079452,99,18.44,"NEX"
0.915893187043355,99,18.56,"NEX"
0.854414562522016,99,18.73,"NEX"
0.629855773714813,99,18.83,"NEX"
0.952288190332927,100,15.58,"NEX"
0.971174386787632,100,16.06,"NEX"
0.930327424426813,100,16.22,"NEX"
0.929651340544376,100,16.46,"NEX"
0.46489189984999,101,14.23,"NEX"
0.457240187957466,102,17.24,"NEX"
0.519722294654014,102,17.41,"NEX"
0.325931916650201,102,18.71,"NEX"
0.884702098848876,103,15.06,"NEX"
0.934004549829773,103,15.47,"NEX"
0.954010962526311,103,16.8,"NEX"
0.699195389276781,104,16.46,"NEX"
0.719398926100509,104,17.66,"NEX"
0.511810773243587,104,17.83,"NEX"
0.403740000234096,105,18.18,"NEX"
0.727658925055564,105,18.41,"NEX"
0.927692382935519,105,18.92,"NEX"
0.371808230423448,106,27.13,"WNT"
0.291064790025084,106,27.49,"WNT"
0.302964869767139,106,27.64,"WNT"
0.322261306770283,106,27.72,"WNT"
0.191346691812462,106,27.82,"WNT"
0.501215306618321,106,28.3,"WNT"
0.746061247436224,107,23.24,"NEX"
0.593796749790965,107,23.71,"WNT"
0.265794573660006,108,30.15,"WNT"
0.333881936886718,108,30.38,"WNT"
0.38014277892248,108,30.48,"WNT"
0.515732805459663,108,30.96,"WNT"
0.223626187566016,108,32.76,"WNT"
0.278742179445024,108,33.07,"WNT"
0.350275514079595,108,33.23,"WNT"
0.307200666200897,108,33.9,"WNT"
0.30680963105381,108,34.03,"WNT"
0.26572459811395,108,34.51,"WNT"
0.963183634334641,109,15.7,"NEX"
0.935275096758845,109,16.39,"NEX"
0.882668435420529,109,16.55,"NEX"
0.955636848701443,109,16.79,"NEX"
0.68516239214171,109,17.95,"NEX"
0.49470160770562,109,18.12,"NEX"
0.641103574034068,110,22.41,"NEX"
0.939427331857769,111,13.72,"NEX"
0.849577635516164,111,14.13,"NEX"
0.800392967363817,112,22.03,"NEX"
0.336646113902662,113,15.8101862940785,"NEX"
0.363180316034481,114,12.7,"NEX"
0.718156500349571,114,13.11,"NEX"
0.453785390793472,115,16.79,"NEX"
0.77719548852358,116,15.78,"NEX"
0.833477585174096,116,16.48,"NEX"
0.559633003052045,116,16.63,"NEX"
0.830014513427661,116,16.88,"NEX"
0.670776860251227,117,14.91,"NEX"
0.791951017519068,117,15.07,"NEX"
0.586160175795452,117,15.31,"NEX"
0.941092788985892,118,15.31,"NEX"
0.942609030884456,118,14.66,"NEX"
0.913347806419626,118,15.07,"NEX"
0.86476739494703,118,16.41,"NEX"
0.961771898837525,119,17.94,"NEX"
0.861967751472018,119,18.25,"NEX"
0.812576879187898,120,17.81,"WNT"
0.637128293493586,120,18.08,"NEX"
0.71128847980674,120,18.2,"NEX"
0.280419802511422,120,18.81,"NEX"
0.742149036379418,120,18.99,"NEX"
0.686157201651252,120,19.12,"NEX"
0.462081067793817,120,19.28,"NEX"
0.710934930831772,120,19.38,"NEX"
0.519812059635507,120,20.24,"NEX"
0.339757096614032,120,20.75,"WNT"
0.499910095934711,120,21.37,"WNT"
0.964400037300265,121,17.98,"NEX"
0.572369116722075,122,19.39,"NEX"
0.581043818929302,122,19.57,"NEX"
0.982610119962926,123,19.9,"NEX"
0.874884832750073,123,20.29,"NEX"
0.819374668609452,123,20.89,"NEX"
0.886532652877078,123,21.82,"WNT"
0.820380161712555,123,22.54,"WNT"
0.707145196438138,123,22.84,"WNT"
0.525349698073216,124,17.38,"NEX"
0.160489863892618,125,18.51,"NEX"
0.952908194065603,126,15.45,"NEX"
0.866811350550683,126,16.51,"NEX"
0.720823584145753,126,16.67,"NEX"
0.930044229623213,126,16.91,"NEX"
0.611530541754491,126,18.07,"NEX"
0.934536489045481,127,17.22,"NEX"
0.949578971509886,128,15.58,"NEX"
0.948208577389131,128,16.28,"NEX"
0.528891397638438,129,16.68,"NEX"
0.271284055341703,129,16.92,"NEX"
0.878257187651221,130,19.39,"NEX"
0.687060104853095,130,19.78,"NEX"
0.756621901832967,130,20.6,"NEX"
0.449291402994824,130,22.02,"WNT"
0.481526011908637,131,22.63,"WNT"
0.529775372342971,131,22.74,"WNT"
0.607005582554,131,23.36,"WNT"
0.663158044362507,132,17.61,"NEX"
0.367218736855042,132,17.72,"NEX"
0.886561750179538,132,17.95,"NEX"
0.865560055422842,133,17.6,"NEX"
0.300537996708455,133,17.76,"NEX"
0.54588672547102,133,17.83,"NEX"
0.67353311397363,133,18.34,"NEX"
0.622452245850593,133,18.52,"NEX"
0.802728950014311,133,18.64,"NEX"
0.354283708124901,133,18.81,"NEX"
0.676658596375467,133,18.91,"NEX"
0.87387580006497,133,19.45,"WNT"
0.770984784894864,133,19.61,"WNT"
0.635782616045458,133,20.41,"WNT"
0.228852302228878,133,20.28,"WNT"
0.182984413483478,133,20.89,"WNT"
0.859501313102429,134,15.5,"NEX"
0.885764120412667,134,13.75,"NEX"
0.883400975267352,134,14.16,"NEX"
0.454390907886719,135,29.41,"WNT"
0.435296325745864,135,29.77,"WNT"
0.320123504002359,135,29.92,"WNT"
0.520688131096617,135,30,"WNT"
0.421267507963563,135,30.1,"WNT"
0.398925397084062,135,31.48,"WNT"
0.365762141406844,135,31.56,"WNT"
0.152370011050686,135,31.65,"WNT"
0.260712624799814,135,31.76,"WNT"
0.354754322337121,135,32.39,"WNT"
0.522704788675483,135,32.7,"WNT"
0.381620318327098,135,32.86,"WNT"
0.437273676568806,135,33.53,"WNT"
0.403957357341227,135,33.66,"WNT"
0.467131466497477,136,25.94,"WNT"
0.727753492649482,136,26.31,"WNT"
0.521273929890133,136,26.46,"WNT"
0.470273275305513,136,26.64,"WNT"
0.517631256592812,136,28.01,"WNT"
0.18494627478864,136,28.09,"WNT"
0.354092625896472,136,28.18,"WNT"
0.404966881806409,136,28.3,"WNT"
0.571167658821276,136,28.92,"WNT"
0.312459468605278,136,29.22,"WNT"
0.253612329110288,136,29.39,"WNT"
0.989718815491303,137,15.03,"NEX"
0.873382651209299,137,15.19,"NEX"
0.766645131496722,137,15.33,"NEX"
0.883934707710511,137,15.43,"NEX"
0.747917697332824,137,15.9,"NEX"
0.935112871605491,137,16.59,"NEX"
0.86727181268602,137,16.76,"NEX"
0.874247912774697,137,18.07,"NEX"
0.634697476029849,138,18.66,"NEX"
0.439767589265651,138,19.26,"NEX"
0.743616916630518,138,19.53,"NEX"
0.432203540385399,138,22.53,"WNT"
0.454006885167448,138,22.66,"WNT"
0.210010985864331,138,23.14,"WNT"
0.7951347426248,139,18.29,"NEX"
0.873500772152596,139,18.36,"NEX"
0.484900497257579,140,13.75,"NEX"
0.745905598814117,140,14.16,"NEX"
0.338929658147699,140,16.03,"NEX"
0.931551125993832,141,18.57,"NEX"
0.91666503061139,142,15.3,"NEX"
0.910141596827389,142,15.99,"NEX"
0.810260371812168,142,16.15,"NEX"
0.90338171460906,142,16.29,"NEX"
0.709461964958407,142,16.39,"NEX"
0.437597149711153,142,16.76,"NEX"
0.525609227834355,142,16.86,"NEX"
0.619341604698534,142,17.55,"NEX"
0.512912311492047,142,17.72,"NEX"
0.95744132096542,143,15,"NEX"
0.863212710803591,143,15.69,"NEX"
0.879818325563703,143,15.85,"NEX"
0.334608142244759,144,14.49,"NEX"
0.36050590401078,144,14.9,"NEX"
0.786866632004679,145,19.93,"NEX"
0.386983132198472,145,20.53,"NEX"
0.973414295050198,146,14.46,"NEX"
0.899395222346009,146,14.62,"NEX"
0.720463713783459,146,14.86,"NEX"
0.560547784740299,146,15.1,"NEX"
0.661600622198664,146,16.02,"NEX"
0.382248424525714,146,16.21,"NEX"
0.412602147913012,146,15.51,"NEX"
0.258721543105247,146,16.85,"NEX"
0.240287965415679,147,19.75,"NEX"
0.375882826623934,148,27.41,"WNT"
0.143034806399694,148,27.49,"WNT"
0.367444971914568,148,27.61,"WNT"
0.2853222436211,148,27.7,"WNT"
0.31629885308054,148,28.32,"WNT"
0.439549694427737,149,18.18,"NEX"
0.667772695179618,150,13.56,"NEX"
0.903462023590034,150,13.97,"NEX"
0.507119335400719,150,15.3,"NEX"
0.47980050698159,151,21.69,"WNT"
0.68551805555998,151,22.06,"WNT"
0.448521298553518,151,22.21,"WNT"
0.366103500345428,151,22.28,"WNT"
0.86316173020501,152,19.31,"NEX"
0.510522397865805,152,19.69,"NEX"
0.50330678048208,152,20.13,"WNT"
0.155103054807592,152,20.29,"NEX"
0.0551100046025362,152,23.07,"WNT"
0.150397685066005,152,23.21,"WNT"
0.189320599621486,152,23.69,"WNT"
0.975200738654306,153,15.85,"NEX"
0.960645054927862,153,16.54,"NEX"
0.887421539426939,153,16.7,"NEX"
0.818950252454411,153,16.94,"NEX"
0.869380348277396,153,18.1,"NEX"
0.871360482860655,153,18.27,"NEX"
0.448092495186659,154,23.28,"WNT"
0.481346843349955,154,23.64,"WNT"
0.353839850455284,154,23.87,"WNT"
0.248756963331579,154,23.98,"WNT"
0.497778485118505,154,24.46,"WNT"
0.0861426901020349,154,25.35,"WNT"
0.493381178686678,154,25.43,"WNT"
0.0886460883235582,154,25.52,"WNT"
0.0263962402191673,154,25.64,"WNT"
0.131291181073999,154,26.26,"WNT"
0.201050279999564,154,26.57,"WNT"
0.0869930011010628,154,26.73,"WNT"
0.254434360821547,154,27.4,"WNT"
0.142554428476456,154,27.53,"WNT"
0.899929092832485,155,27.07,"WNT"
0.659118167233744,155,27.15,"WNT"
0.302835423099917,155,27.24,"WNT"
0.525272128380963,155,27.35,"WNT"
0.446366047376365,155,28.28,"WNT"
0.584006673619598,155,28.45,"WNT"
0.319041548527493,155,29.11,"WNT"
0.249808133138394,155,29.73,"WNT"
0.876514338630182,156,18.42,"NEX"
0.516442291718477,156,20.18,"WNT"
0.260726853963617,157,15.95,"NEX"
0.347156131494955,157,16.64,"NEX"
0.319575162709039,157,16.83,"WNT"
0.216785352136647,157,16.91,"WNT"
0.198748072936797,157,17.5,"NEX"
0.47327836320015,157,18.05,"WNT"
0.444581794301672,157,18.2,"NEX"
0.373213790503048,157,18.37,"NEX"
0.699479882861803,157,19.67,"NEX"
0.976582221113489,158,18.23,"NEX"
0.956322856236137,159,18.83,"NEX"
0.656352510598809,159,19,"NEX"
0.862385428174894,160,12.76,"NEX"
0.915992932928958,160,13.17,"NEX"
0.808868977958668,160,14.51,"NEX"
0.687837636689976,161,21.16,"WNT"
0.94750108332297,162,17.9,"NEX"
0.962691357723612,162,18,"NEX"
0.878689170297858,162,18.23,"NEX"
0.955025006410342,162,18.74,"NEX"
0.856350291145636,162,18.92,"NEX"
0.815404682990014,162,19.04,"NEX"
0.87168732577658,162,19.21,"NEX"
0.724245335003486,162,19.31,"NEX"
0.524579100982722,163,16.78,"NEX"
0.607188847340862,163,17.52,"NEX"
0.581115322948986,163,17.7,"NEX"
0.706286229067114,163,17.83,"NEX"
0.772648335129092,163,17.99,"NEX"
0.791642986537598,163,18.09,"NEX"
0.716901028628498,163,18.78,"NEX"
0.528288707331834,163,18.95,"NEX"
0.742670599202158,164,16.59,"NEX"
0.271517887687534,164,17.33,"NEX"
0.534122514751285,164,17.51,"NEX"
0.768783479330631,164,17.64,"NEX"
0.648072785132769,164,17.8,"NEX"
0.657432022392488,164,18.6,"NEX"
0.507380741813077,164,18.77,"NEX"
0.412488825945122,164,20.07,"NEX"
0.937933351233064,165,14.4,"NEX"
0.786291128154226,165,14.8,"NEX"
0.81201187753234,165,16.15,"NEX"
0.695074379705194,1,14.38,"NEX"
0.798933774915593,13,16.92,"NEX"
0.177128649779809,15,15.98,"NEX"
0.800621833959636,1,12.64,"NEX"
0.955154975666285,13,15.17,"NEX"
0.880690323603265,19,15.38,"NEX"
0.67925932079296,5,15.4,"NEX"
0.936710388942119,13,14.94,"NEX"
0.545803554648209,18,15.84,"NEX"
0.696103531772421,19,16.47,"NEX"
0.878598194934223,5,15.16,"NEX"
0.895317744838874,13,14.7,"NEX"
0.550907936238025,18,15.6,"NEX"
0.824372122829795,19,16.23,"NEX"
0.876038076705273,5,15,"NEX"
0.970212846690098,12,15.48,"NEX"
0.995787701578601,13,14.54,"NEX"
0.691378339235884,18,15.44,"NEX"
0.783717960514612,19,16.07,"NEX"
0.734205030820184,1,13.05,"NEX"
0.993239118472718,13,15.58,"NEX"
0.458496329908169,15,15.64,"NEX"
0.783616776059246,10,19.29,"NEX"
0.151129995061947,14,20.15,"NEX"
0.399413596965012,16,18.97,"NEX"
0.936602719103916,10,18.31,"NEX"
0.622485905890157,14,19.18,"NEX"
0.540041154704334,17,17.23,"NEX"
0.944711023915092,10,18.82,"NEX"
0.214269503485775,14,19.68,"NEX"
0.203067512382537,20,17.74,"NEX"
0.806256521187318,17,17,"NEX"
0.438779844277225,14,19.86,"NEX"
0.417203615970408,3,18.64,"NEX"
0.840862375897345,6,18.82,"NEX"
0.431492953410621,17,18.53,"NEX"
0.794966897246088,19,17.63,"NEX"
0.502028688118352,3,17.81,"NEX"
0.495932212257737,5,17.21,"NEX"
0.514513665817616,17,19.7,"NEX"
0.675934791961333,19,17.8,"NEX"
0.772837043743726,10,19.12,"NEX"
0.603558538750079,14,19.99,"NEX"
0.493181017491097,16,18.81,"NEX"
0.354672876932463,2,19.76,"NEX"
0.532876324026736,16,17.06,"NEX"
0.805999454752528,3,19.11,"NEX"
0.707250783052669,17,21,"NEX"
0.707089147763884,10,19.39,"NEX"
0.366409861312754,14,20.25,"NEX"
0.314901939462953,16,19.07,"NEX"
0.791596298384867,2,20.35,"NEX"
0.288915758854383,8,21.71,"NEX"
0.810079670753933,10,17.98,"NEX"
0.748414937872777,14,18.84,"NEX"
0.239725204578842,2,22,"WNT"
0.709023950828886,2,20.19,"WNT"
0.642737424723178,8,21.55,"WNT"
0.483187032919119,9,23.45,"WNT"
0.691804288841232,16,17.5,"WNT"
0.423286145940609,2,21.28,"WNT"
0.5995158260648,4,21.99,"WNT"
0.293105571529869,11,18.75,"WNT"
0.2697377519581,2,21.38,"WNT"
0.0852772230070232,7,27.43,"WNT"
0.261425955167552,16,21.06,"WNT"
0.521832435276344,8,20.74,"WNT"
0.172586711081225,2,22.3,"WNT"
0.271733179242908,7,25.99,"WNT"
0.440379224897298,16,19.61,"WNT"
0.142332113244788,7,26.82,"WNT"
0.194200620723128,2,22.47,"WNT"
0.0938804163955698,7,26.15,"WNT"
0.56597885962602,16,19.78,"WNT"
0.462344691487879,2,21.17,"WNT"
0.327519005424586,2,21.09,"WNT"
0.677319834627446,8,22.44,"WNT"
0.231642241086407,7,26.95,"WNT"
0.339628468639862,16,20.58,"WNT"
